Team,EloRating
West Ham,1433.1
Bournemouth,1516.2
Tottenham,1443.0
Liverpool,1533.6
Leeds,1467.4
Fulham,1509.2
Brentford,1518.0
Arsenal,1620.8
Aston Villa,1548.2
Man United,1565.4
Crystal Palace,1487.5
Man City,1583.1
Sunderland,1514.8
Wolves,1382.7
Chelsea,1521.7
Newcastle,1487.2
Burnley,1402.5
Brighton,1516.3
Everton,1509.6
Nott'm Forest,1439.7
